{"BodyMeasures_MSE second eval": 18.305490493774414, "_timestamp": 1740931475.190265, "_runtime": 257.4491539001465, "_step": 473, "BodyMeasures_jac eval": 0.35941290855407715, "BodyMeasures_time second eval": 18.66490364074707, "BodyMeasures_kl2  eval": 0.11187607795000076, "BodyMeasures _kl eval": 0.5926716923713684, "BodyMeasures _total eval": 19.36945152282715, "BodyMeasures_MSE second train": 15.105317115783691, "BodyMeasures_jac train": 3.932957887649536, "BodyMeasures_time second train": 19.03827476501465, "BodyMeasures_kl2  train": 0.07948431372642517, "BodyMeasures _kl train": 0.619208037853241, "BodyMeasures _total train": 19.736967086791992, "epoch_train_loss": 18.020408725738527}