{"BodyMeasures_MSE second train": 13.072983741760254, "_timestamp": 1741021780.7783225, "_runtime": 489.17078256607056, "_step": 216, "BodyMeasures_jac train": 2.255463123321533, "BodyMeasures_time second train": 15.328447341918945, "BodyMeasures_kl2  train": 0.10492280125617981, "BodyMeasures _kl train": 0, "BodyMeasures _total train": 15.433370590209961, "epoch_train_loss": 17.969022750854492, "BodyMeasures_MSE second eval": 16.38728141784668, "BodyMeasures_jac eval": 0.11703036725521088, "BodyMeasures_time second eval": 16.50431251525879, "BodyMeasures_kl2  eval": 0.08128347992897034, "BodyMeasures _kl eval": 0, "BodyMeasures _total eval": 16.585596084594727, "_wandb": {"runtime": 491}}