{"BodyMeasures_MSE second eval": 198.9619598388672, "_timestamp": 1740928843.3899872, "_runtime": 368.4308772087097, "_step": 515, "BodyMeasures_jac eval": 0.3646135926246643, "BodyMeasures_time second eval": 199.32656860351562, "BodyMeasures_kl2  eval": 19.993453979492188, "BodyMeasures _kl eval": 37.99629211425781, "BodyMeasures _total eval": 257.3163146972656, "BodyMeasures_MSE second train": 203.09178161621094, "BodyMeasures_jac train": 1.5198744535446167, "BodyMeasures_time second train": 204.6116485595703, "BodyMeasures_kl2  train": 0.6559434533119202, "BodyMeasures _kl train": 0.6688026785850525, "BodyMeasures _total train": 205.9364013671875}