{"BodyMeasures_MSE second train": 31.904098510742188, "_timestamp": 1741094547.2275825, "_runtime": 1039.912635564804, "_step": 462, "BodyMeasures_jac train": 2.490821123123169, "BodyMeasures_time second train": 34.394920349121094, "BodyMeasures_kl2  train": 0.1775931715965271, "BodyMeasures _kl train": 0, "BodyMeasures _total train": 34.572513580322266, "epoch_train_loss": 54.36728005182175, "BodyMeasures_MSE second eval": 31.071531295776367, "BodyMeasures_jac eval": 0.3494637906551361, "BodyMeasures_time second eval": 31.420995712280273, "BodyMeasures_kl2  eval": 0.60655677318573, "BodyMeasures _kl eval": 0, "BodyMeasures _total eval": 32.02755355834961}