{"BodyMeasures_MSE second train": 42.777870178222656, "_timestamp": 1741094780.3218715, "_runtime": 140.27238845825195, "_step": 43, "BodyMeasures_jac train": 2.9429945945739746, "BodyMeasures_time second train": 45.720863342285156, "BodyMeasures_kl2  train": 70.53338623046875, "BodyMeasures _kl train": 0, "BodyMeasures _total train": 116.2542495727539, "epoch_train_loss": 190.18052927652994, "BodyMeasures_MSE second eval": 44.024749755859375, "BodyMeasures_jac eval": 0.6903321743011475, "BodyMeasures_time second eval": 44.71508026123047, "BodyMeasures_kl2  eval": 18.524011611938477, "BodyMeasures _kl eval": 0, "BodyMeasures _total eval": 63.23908996582031}