{"BodyMeasures_MSE second eval": 25.514013290405273, "_timestamp": 1740931982.7794163, "_runtime": 195.93806624412537, "_step": 376, "BodyMeasures_jac eval": 0.39045649766921997, "BodyMeasures_time second eval": 25.904470443725586, "BodyMeasures_kl2  eval": 0.13095928728580475, "BodyMeasures _kl eval": 0.724674642086029, "BodyMeasures _total eval": 26.760103225708008, "BodyMeasures_MSE second train": 21.68490982055664, "BodyMeasures_jac train": 0.20026330649852753, "BodyMeasures_time second train": 21.885173797607422, "BodyMeasures_kl2  train": 0.03219306841492653, "BodyMeasures _kl train": 0.1681988537311554, "BodyMeasures _total train": 22.0855655670166, "epoch_train_loss": 28.86361083984375}