{"BodyMeasures_MSE second eval": 61.467891693115234, "_timestamp": 1741011330.368635, "_runtime": 72.75843596458435, "_step": 72, "BodyMeasures_jac eval": 0.34074750542640686, "BodyMeasures_time second eval": 61.80863952636719, "BodyMeasures_kl2  eval": 1.1307759284973145, "BodyMeasures _kl eval": 0, "BodyMeasures _total eval": 62.939414978027344, "BodyMeasures_MSE second train": 34.53542709350586, "BodyMeasures_jac train": 4.551206111907959, "BodyMeasures_time second train": 39.086631774902344, "BodyMeasures_kl2  train": 0.247893825173378, "BodyMeasures _kl train": 0, "BodyMeasures _total train": 39.33452606201172, "epoch_train_loss": 47.509763197465375}