{"BodyMeasures_MSE second eval": 198.42752075195312, "_timestamp": 1740932285.0026202, "_runtime": 166.96850633621216, "_step": 303, "BodyMeasures_jac eval": 6.7315521240234375, "BodyMeasures_time second eval": 205.15907287597656, "BodyMeasures_kl2  eval": 1.5683729648590088, "BodyMeasures _kl eval": 1.8745194673538208, "BodyMeasures _total eval": 208.6019744873047, "BodyMeasures_MSE second train": 193.90533447265625, "BodyMeasures_jac train": 0.1805221438407898, "BodyMeasures_time second train": 194.0858612060547, "BodyMeasures_kl2  train": 0.11463125050067902, "BodyMeasures _kl train": 0.2658742070198059, "BodyMeasures _total train": 194.4663543701172, "epoch_train_loss": 202.26275177001952, "_wandb": {"runtime": 166}}