{"BodyMeasures_MSE second eval": 57.72334289550781, "_timestamp": 1741011495.3560867, "_runtime": 61.52781677246094, "_step": 23, "BodyMeasures_jac eval": 0.2944655120372772, "BodyMeasures_time second eval": 58.01780700683594, "BodyMeasures_kl2  eval": 0.10039792209863663, "BodyMeasures _kl eval": 0, "BodyMeasures _total eval": 58.11820602416992, "BodyMeasures_MSE second train": 64.7762680053711, "BodyMeasures_jac train": 4.238215923309326, "BodyMeasures_time second train": 69.01448059082031, "BodyMeasures_kl2  train": 1.8879969120025635, "BodyMeasures _kl train": 0, "BodyMeasures _total train": 70.90248107910156}