{"BodyMeasures_MSE second eval": 202.0351104736328, "_timestamp": 1740927573.9622362, "_runtime": 73.93688821792603, "_step": 23, "BodyMeasures_jac eval": 4.472171306610107, "BodyMeasures_time second eval": 206.5072784423828, "BodyMeasures_kl2  eval": 11.1290864944458, "BodyMeasures _kl eval": 75.11016845703125, "BodyMeasures _total eval": 292.74652099609375, "BodyMeasures_MSE second train": 199.40182495117188, "BodyMeasures_jac train": 9.675984382629395, "BodyMeasures_time second train": 209.0778045654297, "BodyMeasures_kl2  train": 11.798102378845215, "BodyMeasures _kl train": 64.91202545166016, "BodyMeasures _total train": 285.7879333496094}