{"BodyMeasures_MSE second train": 31.489133834838867, "_timestamp": 1741018918.1741927, "_runtime": 63.67131161689758, "_step": 11, "BodyMeasures_jac train": 7.77471399307251, "BodyMeasures_time second train": 39.26384735107422, "BodyMeasures_kl2  train": 24.715965270996094, "BodyMeasures _kl train": 0, "BodyMeasures _total train": 63.97981262207031}