{"BodyMeasures_MSE second eval": 23.77696990966797, "_timestamp": 1740932099.293573, "_runtime": 103.43683099746704, "_step": 157, "BodyMeasures_jac eval": 0.4225035607814789, "BodyMeasures_time second eval": 24.199474334716797, "BodyMeasures_kl2  eval": 0.7072017192840576, "BodyMeasures _kl eval": 2.2272419929504395, "BodyMeasures _total eval": 27.1339168548584, "BodyMeasures_MSE second train": 30.20034408569336, "BodyMeasures_jac train": 1.183843970298767, "BodyMeasures_time second train": 31.384187698364258, "BodyMeasures_kl2  train": 0.18009784817695618, "BodyMeasures _kl train": 0.33501577377319336, "BodyMeasures _total train": 31.899301528930664, "epoch_train_loss": 31.50409812927246}