{"BodyMeasures_MSE second eval": 198.45672607421875, "_timestamp": 1740932566.270288, "_runtime": 157.11264204978943, "_step": 284, "BodyMeasures_jac eval": 3.626626968383789, "BodyMeasures_time second eval": 202.08335876464844, "BodyMeasures_kl2  eval": 0.8656724691390991, "BodyMeasures _kl eval": 1.9089170694351196, "BodyMeasures _total eval": 204.8579559326172, "BodyMeasures_MSE second train": 192.69515991210938, "BodyMeasures_jac train": 4.702529430389404, "BodyMeasures_time second train": 197.39768981933594, "BodyMeasures_kl2  train": 0.6305571794509888, "BodyMeasures _kl train": 1.3481149673461914, "BodyMeasures _total train": 199.37635803222656, "epoch_train_loss": 203.2707092285156}