{"BodyMeasures_MSE second eval": 42.558815002441406, "_timestamp": 1740929699.5974047, "_runtime": 152.32809782028198, "_step": 167, "BodyMeasures_jac eval": 0.31901058554649353, "BodyMeasures_time second eval": 42.87782669067383, "BodyMeasures_kl2  eval": 3.015047550201416, "BodyMeasures _kl eval": 18.93804168701172, "BodyMeasures _total eval": 64.83091735839844, "BodyMeasures_MSE second train": 21.06798553466797, "BodyMeasures_jac train": 1.163415789604187, "BodyMeasures_time second train": 22.231401443481445, "BodyMeasures_kl2  train": 0.4351654648780823, "BodyMeasures _kl train": 1.2434561252593994, "BodyMeasures _total train": 23.910022735595703}