{"BodyMeasures_MSE second eval": 55.305458068847656, "_timestamp": 1741011747.83732, "_runtime": 58.591840982437134, "_step": 29, "BodyMeasures_jac eval": 0.28722068667411804, "BodyMeasures_time second eval": 55.59267807006836, "BodyMeasures_kl2  eval": 2.383284091949463, "BodyMeasures _kl eval": 0, "BodyMeasures _total eval": 57.9759635925293, "BodyMeasures_MSE second train": 39.80844497680664, "BodyMeasures_jac train": 3.850393772125244, "BodyMeasures_time second train": 43.65884017944336, "BodyMeasures_kl2  train": 2.542637825012207, "BodyMeasures _kl train": 0, "BodyMeasures _total train": 46.20147705078125}