{"BodyMeasures_MSE second eval": 63.74628448486328, "_timestamp": 1741013169.851499, "_runtime": 77.84976601600647, "_step": 59, "BodyMeasures_jac eval": 0.3110509514808655, "BodyMeasures_time second eval": 64.05733489990234, "BodyMeasures_kl2  eval": 0.5741316080093384, "BodyMeasures _kl eval": 0, "BodyMeasures _total eval": 64.6314697265625, "BodyMeasures_MSE second train": 20.98966407775879, "BodyMeasures_jac train": 0.7531856894493103, "BodyMeasures_time second train": 21.742849349975586, "BodyMeasures_kl2  train": 0.2826180160045624, "BodyMeasures _kl train": 0, "BodyMeasures _total train": 22.025466918945312}