{"BodyMeasures_MSE second eval": 200.608642578125, "_timestamp": 1740926898.0330374, "_runtime": 57.76997137069702, "_step": 29, "BodyMeasures_jac eval": 0.290897011756897, "BodyMeasures_time second eval": 200.8995361328125, "BodyMeasures_kl2  eval": 12.888876914978027, "BodyMeasures _kl eval": 37.62578201293945, "BodyMeasures _total eval": 251.4141845703125, "BodyMeasures_MSE second train": 200.4065704345703, "BodyMeasures_jac train": 0.34912246465682983, "BodyMeasures_time second train": 200.7556915283203, "BodyMeasures_kl2  train": 6.8099470138549805, "BodyMeasures _kl train": 14.564751625061035, "BodyMeasures _total train": 222.13040161132812}