{"BodyMeasures_MSE second eval": 12.688326835632324, "_timestamp": 1741016380.9929626, "_runtime": 923.8558945655823, "_step": 601, "BodyMeasures_jac eval": 0.3870947062969208, "BodyMeasures_time second eval": 13.075421333312988, "BodyMeasures_kl2  eval": 0.1722928285598755, "BodyMeasures _kl eval": 0, "BodyMeasures _total eval": 13.247714042663574, "BodyMeasures_MSE second train": 16.463483810424805, "BodyMeasures_jac train": 6.687933444976807, "BodyMeasures_time second train": 23.151416778564453, "BodyMeasures_kl2  train": 0.18332460522651672, "BodyMeasures _kl train": 0, "BodyMeasures _total train": 23.334741592407227, "epoch_train_loss": 18.590538371693004}