{"BodyMeasures_MSE second eval": 15.308438301086426, "_timestamp": 1740933376.7078154, "_runtime": 585.993545293808, "_step": 1252, "BodyMeasures_jac eval": 2.9501378536224365, "BodyMeasures_time second eval": 18.258575439453125, "BodyMeasures_kl2  eval": 0.19923201203346252, "BodyMeasures _kl eval": 0.31939056515693665, "BodyMeasures _total eval": 18.777198791503906, "BodyMeasures_MSE second train": 15.373064994812012, "BodyMeasures_jac train": 0.1832864135503769, "BodyMeasures_time second train": 15.556351661682129, "BodyMeasures_kl2  train": 0.08549615740776062, "BodyMeasures _kl train": 0.13429716229438782, "BodyMeasures _total train": 15.776144981384277, "epoch_train_loss": 18.10336275100708, "_wandb": {"runtime": 586}}