{"BodyMeasures_MSE second eval": 62.741851806640625, "_timestamp": 1741012029.7472966, "_runtime": 53.192320585250854, "_step": 23, "BodyMeasures_jac eval": 0.28432899713516235, "BodyMeasures_time second eval": 63.026180267333984, "BodyMeasures_kl2  eval": 2.993605136871338, "BodyMeasures _kl eval": 0, "BodyMeasures _total eval": 66.01978302001953, "BodyMeasures_MSE second train": NaN, "BodyMeasures_jac train": NaN, "BodyMeasures_time second train": NaN, "BodyMeasures_kl2  train": 89468.125, "BodyMeasures _kl train": 0, "BodyMeasures _total train": NaN}