{"BodyMeasures_MSE second eval": 200.2523193359375, "_timestamp": 1741015417.8617659, "_runtime": 100.85432076454163, "_step": 47, "BodyMeasures_jac eval": 1.7725237607955933, "BodyMeasures_time second eval": 202.02484130859375, "BodyMeasures_kl2  eval": 3.6793293952941895, "BodyMeasures _kl eval": 0, "BodyMeasures _total eval": 205.7041778564453, "BodyMeasures_MSE second train": 197.88124084472656, "BodyMeasures_jac train": 2.551095724105835, "BodyMeasures_time second train": 200.43234252929688, "BodyMeasures_kl2  train": 2.4493331909179688, "BodyMeasures _kl train": 0, "BodyMeasures _total train": 202.88168334960938}