{"BodyMeasures_MSE second eval": 37.47629165649414, "_timestamp": 1741010808.960952, "_runtime": 72.9853630065918, "_step": 35, "BodyMeasures_jac eval": 0.3450232446193695, "BodyMeasures_time second eval": 37.82131576538086, "BodyMeasures_kl2  eval": 1.082529902458191, "BodyMeasures _kl eval": 23.045259475708008, "BodyMeasures _total eval": 61.9491081237793, "BodyMeasures_MSE second train": 25.828636169433594, "BodyMeasures_jac train": 4.2030839920043945, "BodyMeasures_time second train": 30.031719207763672, "BodyMeasures_kl2  train": 1.411536693572998, "BodyMeasures _kl train": 24.632644653320312, "BodyMeasures _total train": 56.07590103149414}