{"BodyMeasures_MSE second train": 24.260143280029297, "_timestamp": 1741018837.7399871, "_runtime": 181.3096480369568, "_step": 67, "BodyMeasures_jac train": 4.136240005493164, "BodyMeasures_time second train": 28.39638328552246, "BodyMeasures_kl2  train": 4.322195529937744, "BodyMeasures _kl train": 0, "BodyMeasures _total train": 32.71857833862305, "epoch_train_loss": 38.756446838378906, "BodyMeasures_MSE second eval": 23.83626365661621, "BodyMeasures_jac eval": 0.4344647526741028, "BodyMeasures_time second eval": 24.270729064941406, "BodyMeasures_kl2  eval": 0.5243605375289917, "BodyMeasures _kl eval": 0, "BodyMeasures _total eval": 24.795089721679688}