{"BodyMeasures_MSE second eval": 48.756431579589844, "_timestamp": 1741016654.1277788, "_runtime": 52.453964710235596, "_step": 11, "BodyMeasures_jac eval": 0.31203070282936096, "BodyMeasures_time second eval": 49.06846237182617, "BodyMeasures_kl2  eval": 0.2715376615524292, "BodyMeasures _kl eval": 0, "BodyMeasures _total eval": 49.34000015258789, "BodyMeasures_MSE second train": 48.3140983581543, "BodyMeasures_jac train": 0.38651737570762634, "BodyMeasures_time second train": 48.70061492919922, "BodyMeasures_kl2  train": 0.37647438049316406, "BodyMeasures _kl train": 0, "BodyMeasures _total train": 49.07708740234375}