{"BodyMeasures_MSE second eval": 200.31878662109375, "_timestamp": 1740928119.8466253, "_runtime": 82.85908031463623, "_step": 64, "BodyMeasures_jac eval": 0.3365548551082611, "BodyMeasures_time second eval": 200.65533447265625, "BodyMeasures _kl eval": 0, "BodyMeasures _total eval": 200.65533447265625, "BodyMeasures_MSE second train": 195.81007385253906, "BodyMeasures_jac train": 2.4145476818084717, "BodyMeasures_time second train": 198.22462463378906, "BodyMeasures _kl train": 0, "BodyMeasures _total train": 198.22462463378906}