{"BodyMeasures_MSE second eval": 199.45228576660156, "_timestamp": 1740927395.119605, "_runtime": 49.44940209388733, "_step": 11, "BodyMeasures_jac eval": 5.128363132476807, "BodyMeasures_time second eval": 204.5806427001953, "BodyMeasures_kl2  eval": 4.246280193328857, "BodyMeasures _kl eval": 101.35711669921875, "BodyMeasures _total eval": 310.18402099609375}