{"BodyMeasures_MSE second eval": 190.5592803955078, "_timestamp": 1740927679.4629724, "_runtime": 61.54380440711975, "_step": 47, "BodyMeasures_jac eval": 0.3039795458316803, "BodyMeasures_time second eval": 190.86326599121094, "BodyMeasures_kl2  eval": 2.5755865573883057, "BodyMeasures _kl eval": 28.756460189819336, "BodyMeasures _total eval": 222.1953125, "BodyMeasures_MSE second train": 200.97470092773438, "BodyMeasures_jac train": 2.4701850414276123, "BodyMeasures_time second train": 203.44488525390625, "BodyMeasures_kl2  train": 5.6177849769592285, "BodyMeasures _kl train": 44.650516510009766, "BodyMeasures _total train": 253.7131805419922}