{"BodyMeasures_MSE second eval": 200.70301818847656, "_timestamp": 1741015154.0652695, "_runtime": 118.98838543891907, "_step": 114, "BodyMeasures_jac eval": 7.076488494873047, "BodyMeasures_time second eval": 207.77951049804688, "BodyMeasures_kl2  eval": 3.3447883129119873, "BodyMeasures _kl eval": 0, "BodyMeasures _total eval": 211.12429809570312, "BodyMeasures_MSE second train": 200.13880920410156, "BodyMeasures_jac train": 0.5187129378318787, "BodyMeasures_time second train": 200.6575164794922, "BodyMeasures_kl2  train": 3.966951370239258, "BodyMeasures _kl train": 0, "BodyMeasures _total train": 204.6244659423828, "epoch_train_loss": 206.76327653364703}