{"BodyMeasures_MSE second eval": 18.472890853881836, "_timestamp": 1741012147.6217992, "_runtime": 68.06363725662231, "_step": 78, "BodyMeasures_jac eval": 0.46408572793006897, "BodyMeasures_time second eval": 18.93697738647461, "BodyMeasures_kl2  eval": 0.6336337327957153, "BodyMeasures _kl eval": 0, "BodyMeasures _total eval": 19.57061195373535, "BodyMeasures_MSE second train": 19.359289169311523, "BodyMeasures_jac train": 2.6569645404815674, "BodyMeasures_time second train": 22.016254425048828, "BodyMeasures_kl2  train": 0.6471349000930786, "BodyMeasures _kl train": 0, "BodyMeasures _total train": 22.663389205932617, "epoch_train_loss": 38.05687002702193}