{"BodyMeasures_MSE second eval": 199.61614990234375, "_timestamp": 1740932397.520564, "_runtime": 71.18157601356506, "_step": 84, "BodyMeasures_jac eval": 0.3881154954433441, "BodyMeasures_time second eval": 200.0042724609375, "BodyMeasures_kl2  eval": 4.900637626647949, "BodyMeasures _kl eval": 2.841892957687378, "BodyMeasures _total eval": 207.74679565429688, "BodyMeasures_MSE second train": 199.04034423828125, "BodyMeasures_jac train": 3.0228490829467773, "BodyMeasures_time second train": 202.0631866455078, "BodyMeasures_kl2  train": 0.8772602677345276, "BodyMeasures _kl train": 0.4496600329875946, "BodyMeasures _total train": 203.39010620117188, "epoch_train_loss": 225.0083435058594}