{"BodyMeasures_MSE second eval": 195.15760803222656, "_timestamp": 1740927087.8047829, "_runtime": 80.27181386947632, "_step": 65, "BodyMeasures_jac eval": 0.28945520520210266, "BodyMeasures_time second eval": 195.4470672607422, "BodyMeasures_kl2  eval": 12.865528106689453, "BodyMeasures _kl eval": 52.133270263671875, "BodyMeasures _total eval": 260.44586181640625, "BodyMeasures_MSE second train": 197.263427734375, "BodyMeasures_jac train": 0.851199746131897, "BodyMeasures_time second train": 198.1146240234375, "BodyMeasures_kl2  train": 16.284297943115234, "BodyMeasures _kl train": 15.243753433227539, "BodyMeasures _total train": 229.64268493652344}