{"BodyMeasures_MSE second train": 13.906219482421875, "_timestamp": 1741021270.3654168, "_runtime": 1362.9378168582916, "_step": 625, "BodyMeasures_jac train": 3.4357175827026367, "BodyMeasures_time second train": 17.341938018798828, "BodyMeasures_kl2  train": 0.21017444133758545, "BodyMeasures _kl train": 0, "BodyMeasures _total train": 17.552112579345703, "epoch_train_loss": 16.965858936309814, "BodyMeasures_MSE second eval": 13.578372955322266, "BodyMeasures_jac eval": 0.13465166091918945, "BodyMeasures_time second eval": 13.713024139404297, "BodyMeasures_kl2  eval": 0.032832544296979904, "BodyMeasures _kl eval": 0, "BodyMeasures _total eval": 13.745856285095215}