{"BodyMeasures_MSE second eval": 29.92839241027832, "_timestamp": 1741017617.2691486, "_runtime": 121.02578568458557, "_step": 48, "BodyMeasures_jac eval": 0.3898999094963074, "BodyMeasures_time second eval": 30.31829261779785, "BodyMeasures_kl2  eval": 1.6712898015975952, "BodyMeasures _kl eval": 0, "BodyMeasures _total eval": 31.989582061767578, "BodyMeasures_MSE second train": 25.998380661010742, "BodyMeasures_jac train": 5.930112838745117, "BodyMeasures_time second train": 31.92849349975586, "BodyMeasures_kl2  train": 3.9794962406158447, "BodyMeasures _kl train": 0, "BodyMeasures _total train": 35.907989501953125, "epoch_train_loss": 56.77130126953125}