{"BodyMeasures_MSE second eval": 15.961031913757324, "_timestamp": 1740931206.5435014, "_runtime": 286.3301193714142, "_step": 528, "BodyMeasures_jac eval": 0.35585346817970276, "BodyMeasures_time second eval": 16.316884994506836, "BodyMeasures_kl2  eval": 0.06661183387041092, "BodyMeasures _kl eval": 0.35750675201416016, "BodyMeasures _total eval": 16.741004943847656, "BodyMeasures_MSE second train": 13.5913667678833, "BodyMeasures_jac train": 5.802001476287842, "BodyMeasures_time second train": 19.393367767333984, "BodyMeasures_kl2  train": 0.05527884513139725, "BodyMeasures _kl train": 0.3646235466003418, "BodyMeasures _total train": 19.813270568847656, "epoch_train_loss": 16.382005214691162}