{"BodyMeasures_MSE second eval": 30.040035247802734, "_timestamp": 1740931671.9256752, "_runtime": 189.82905626296997, "_step": 345, "BodyMeasures_jac eval": 9.981637001037598, "BodyMeasures_time second eval": 40.021671295166016, "BodyMeasures_kl2  eval": 1.4263490438461304, "BodyMeasures _kl eval": 2.36749005317688, "BodyMeasures _total eval": 43.81550979614258, "BodyMeasures_MSE second train": 15.222633361816406, "BodyMeasures_jac train": 3.132633686065674, "BodyMeasures_time second train": 18.355266571044922, "BodyMeasures_kl2  train": 2.757108688354492, "BodyMeasures _kl train": 1.096259355545044, "BodyMeasures _total train": 22.208635330200195, "epoch_train_loss": 33.01735286712646}