{"BodyMeasures_MSE second eval": 14.298979759216309, "_timestamp": 1740933662.8592865, "_runtime": 198.33810353279114, "_step": 357, "BodyMeasures_jac eval": 0.4564707279205322, "BodyMeasures_time second eval": 14.755450248718262, "BodyMeasures_kl2  eval": 1.9289857149124146, "BodyMeasures _kl eval": 3.705230951309204, "BodyMeasures _total eval": 20.389667510986328, "BodyMeasures_MSE second train": 15.153450965881348, "BodyMeasures_jac train": 4.15691614151001, "BodyMeasures_time second train": 19.310367584228516, "BodyMeasures_kl2  train": 1.6924327611923218, "BodyMeasures _kl train": 1.9970862865447998, "BodyMeasures _total train": 22.99988555908203, "epoch_train_loss": 21.713812828063965}