{"BodyMeasures_MSE second eval": 198.2914276123047, "_timestamp": 1740942875.6595404, "_runtime": 8842.85715341568, "_step": 21285, "BodyMeasures_jac eval": 0.30540022253990173, "BodyMeasures_time second eval": 198.59683227539062, "BodyMeasures_kl2  eval": 0.001056382548995316, "BodyMeasures _kl eval": 0.0028877821750938892, "BodyMeasures _total eval": 198.60076904296875, "BodyMeasures_MSE second train": 192.20806884765625, "BodyMeasures_jac train": 1.5513427257537842, "BodyMeasures_time second train": 193.75941467285156, "BodyMeasures_kl2  train": 1.9112836525891908e-05, "BodyMeasures _kl train": 9.396893437951803e-05, "BodyMeasures _total train": 193.759521484375, "epoch_train_loss": 201.6754469204443, "_wandb": {"runtime": 8842}}