{"BodyMeasures_MSE second eval": 23.04657554626465, "_timestamp": 1741018412.990162, "_runtime": 194.07963585853577, "_step": 80, "BodyMeasures_jac eval": 0.2826251685619354, "BodyMeasures_time second eval": 23.329200744628906, "BodyMeasures_kl2  eval": 0.5720727443695068, "BodyMeasures _kl eval": 0, "BodyMeasures _total eval": 23.901273727416992, "BodyMeasures_MSE second train": 23.995563507080078, "BodyMeasures_jac train": 2.6498560905456543, "BodyMeasures_time second train": 26.64542007446289, "BodyMeasures_kl2  train": 2.5438027381896973, "BodyMeasures _kl train": 0, "BodyMeasures _total train": 29.18922233581543, "epoch_train_loss": 34.71441078186035}