{"BodyMeasures_MSE second eval": 194.3940887451172, "_timestamp": 1740930802.6604936, "_runtime": 148.53613471984863, "_step": 272, "BodyMeasures_jac eval": 5.138436317443848, "BodyMeasures_time second eval": 199.53253173828125, "BodyMeasures_kl2  eval": 1.234144687652588, "BodyMeasures _kl eval": 2.9315850734710693, "BodyMeasures _total eval": 203.69825744628906, "BodyMeasures_MSE second train": 200.40951538085938, "BodyMeasures_jac train": 4.510091781616211, "BodyMeasures_time second train": 204.9196014404297, "BodyMeasures_kl2  train": 0.5942761301994324, "BodyMeasures _kl train": 1.5549238920211792, "BodyMeasures _total train": 207.06878662109375, "epoch_train_loss": 204.46671447753906}