{"BodyMeasures_MSE second eval": 198.4485321044922, "_timestamp": 1740928384.2571683, "_runtime": 78.20980334281921, "_step": 59, "BodyMeasures_jac eval": 2.6852216720581055, "BodyMeasures_time second eval": 201.13375854492188, "BodyMeasures _kl eval": 0, "BodyMeasures _total eval": 201.13375854492188, "BodyMeasures_MSE second train": 196.28884887695312, "BodyMeasures_jac train": 4.706509113311768, "BodyMeasures_time second train": 200.995361328125, "BodyMeasures _kl train": 0, "BodyMeasures _total train": 200.995361328125}