{"BodyMeasures_MSE second eval": 17.334157943725586, "_timestamp": 1741010982.3885593, "_runtime": 143.6086962223053, "_step": 254, "BodyMeasures_jac eval": 0.35921189188957214, "BodyMeasures_time second eval": 17.693368911743164, "BodyMeasures_kl2  eval": 4.357027053833008, "BodyMeasures _kl eval": 5.17266845703125, "BodyMeasures _total eval": 27.223064422607422, "BodyMeasures_MSE second train": 21.548315048217773, "BodyMeasures_jac train": 0.5723975300788879, "BodyMeasures_time second train": 22.120712280273438, "BodyMeasures_kl2  train": 5.410944938659668, "BodyMeasures _kl train": 7.409887790679932, "BodyMeasures _total train": 34.94154357910156, "epoch_train_loss": 38.01727000149813}