{"BodyMeasures_MSE second eval": 198.64254760742188, "_timestamp": 1740933758.8153121, "_runtime": 75.90906715393066, "_step": 84, "BodyMeasures_jac eval": 2.040494918823242, "BodyMeasures_time second eval": 200.68304443359375, "BodyMeasures_kl2  eval": 28.881202697753906, "BodyMeasures _kl eval": 43.25139617919922, "BodyMeasures _total eval": 272.8156433105469, "BodyMeasures_MSE second train": 200.0661163330078, "BodyMeasures_jac train": 0.18866293132305145, "BodyMeasures_time second train": 200.25477600097656, "BodyMeasures_kl2  train": 7.356745719909668, "BodyMeasures _kl train": 11.083244323730469, "BodyMeasures _total train": 218.69476318359375, "epoch_train_loss": 291.4181381225586}