{"BodyMeasures_MSE second train": 32.59208679199219, "_timestamp": 1741093458.645113, "_runtime": 245.33241605758667, "_step": 80, "BodyMeasures_jac train": 4.197415828704834, "BodyMeasures_time second train": 36.78950119018555, "BodyMeasures_kl2  train": 4.475179672241211, "BodyMeasures _kl train": 0, "BodyMeasures _total train": 41.264678955078125, "epoch_train_loss": 43.96291478474935, "BodyMeasures_MSE second eval": 32.25509262084961, "BodyMeasures_jac eval": 0.43582990765571594, "BodyMeasures_time second eval": 32.690921783447266, "BodyMeasures_kl2  eval": 4.706060886383057, "BodyMeasures _kl eval": 0, "BodyMeasures _total eval": 37.3969841003418}