{"BodyMeasures_MSE second eval": 58.36954879760742, "_timestamp": 1741013239.847179, "_runtime": 53.61849403381348, "_step": 23, "BodyMeasures_jac eval": 0.31691524386405945, "BodyMeasures_time second eval": 58.68646240234375, "BodyMeasures_kl2  eval": 0.6083815097808838, "BodyMeasures _kl eval": 0, "BodyMeasures _total eval": 59.29484558105469, "BodyMeasures_MSE second train": 31.430984497070312, "BodyMeasures_jac train": 3.980802297592163, "BodyMeasures_time second train": 35.41178512573242, "BodyMeasures_kl2  train": 1.2792667150497437, "BodyMeasures _kl train": 0, "BodyMeasures _total train": 36.6910514831543}