{"BodyMeasures_MSE second eval": 12.720523834228516, "_timestamp": 1740930360.523399, "_runtime": 155.6579611301422, "_step": 163, "BodyMeasures_jac eval": 0.33331233263015747, "BodyMeasures_time second eval": 13.05383586883545, "BodyMeasures_kl2  eval": 0.29132065176963806, "BodyMeasures _kl eval": 1.7862939834594727, "BodyMeasures _total eval": 15.131450653076172, "BodyMeasures_MSE second train": 15.037104606628418, "BodyMeasures_jac train": 0.44772061705589294, "BodyMeasures_time second train": 15.484825134277344, "BodyMeasures_kl2  train": 0.24571660161018372, "BodyMeasures _kl train": 1.2977715730667114, "BodyMeasures _total train": 17.02831268310547, "epoch_train_loss": 241.9535427093506}