{"BodyMeasures_MSE second eval": 14.697660446166992, "_timestamp": 1741012839.6612298, "_runtime": 268.5960419178009, "_step": 321, "BodyMeasures_jac eval": 0.3496035933494568, "BodyMeasures_time second eval": 15.047264099121094, "BodyMeasures_kl2  eval": 0.5755425691604614, "BodyMeasures _kl eval": 0, "BodyMeasures _total eval": 15.622806549072266, "BodyMeasures_MSE second train": 16.117847442626953, "BodyMeasures_jac train": 0.3937619626522064, "BodyMeasures_time second train": 16.51161003112793, "BodyMeasures_kl2  train": 0.7340646982192993, "BodyMeasures _kl train": 0, "BodyMeasures _total train": 17.24567413330078, "epoch_train_loss": 19.678291494196113}