{"BodyMeasures_MSE second eval": 200.1560516357422, "_timestamp": 1741015295.9430547, "_runtime": 99.59548568725586, "_step": 96, "BodyMeasures_jac eval": 2.071394443511963, "BodyMeasures_time second eval": 202.22744750976562, "BodyMeasures_kl2  eval": 4.578625679016113, "BodyMeasures _kl eval": 0, "BodyMeasures _total eval": 206.8060760498047, "BodyMeasures_MSE second train": 200.20252990722656, "BodyMeasures_jac train": 0.8381945490837097, "BodyMeasures_time second train": 201.0407257080078, "BodyMeasures_kl2  train": 5.82567834854126, "BodyMeasures _kl train": 0, "BodyMeasures _total train": 206.8664093017578, "epoch_train_loss": 213.95974870161578}