{"BodyMeasures_MSE second train": 15.513941764831543, "_timestamp": 1741023068.1586268, "_runtime": 600.012631893158, "_step": 248, "BodyMeasures_jac train": 2.435790538787842, "BodyMeasures_time second train": 17.949731826782227, "BodyMeasures_kl2  train": 0.2687581479549408, "BodyMeasures _kl train": 0, "BodyMeasures _total train": 18.218490600585938, "epoch_train_loss": 18.561106125513714, "BodyMeasures_MSE second eval": 15.971237182617188, "BodyMeasures_jac eval": 0.11872278153896332, "BodyMeasures_time second eval": 16.0899600982666, "BodyMeasures_kl2  eval": 0.022985093295574188, "BodyMeasures _kl eval": 0, "BodyMeasures _total eval": 16.112945556640625}