{"BodyMeasures_MSE second eval": 201.61190795898438, "_timestamp": 1740929345.2241068, "_runtime": 201.4500436782837, "_step": 239, "BodyMeasures_jac eval": 3.2681071758270264, "BodyMeasures_time second eval": 204.88002014160156, "BodyMeasures_kl2  eval": 7.615167617797852, "BodyMeasures _kl eval": 30.733510971069336, "BodyMeasures _total eval": 243.22869873046875, "BodyMeasures_MSE second train": 197.82968139648438, "BodyMeasures_jac train": 4.4117350578308105, "BodyMeasures_time second train": 202.2414093017578, "BodyMeasures_kl2  train": 2.2291882038116455, "BodyMeasures _kl train": 3.1252379417419434, "BodyMeasures _total train": 207.59584045410156}