{"BodyMeasures_MSE second eval": 36.279109954833984, "_timestamp": 1741011664.7380617, "_runtime": 83.04669857025146, "_step": 84, "BodyMeasures_jac eval": 0.5218005180358887, "BodyMeasures_time second eval": 36.80091094970703, "BodyMeasures_kl2  eval": 3.6209778785705566, "BodyMeasures _kl eval": 0, "BodyMeasures _total eval": 40.42189025878906, "BodyMeasures_MSE second train": 39.430721282958984, "BodyMeasures_jac train": 1.9600778818130493, "BodyMeasures_time second train": 41.39080047607422, "BodyMeasures_kl2  train": 6.636975288391113, "BodyMeasures _kl train": 0, "BodyMeasures _total train": 48.027774810791016, "epoch_train_loss": 46.246429443359375}