{"BodyMeasures_MSE second eval": 193.13377380371094, "_timestamp": 1740932774.4231892, "_runtime": 200.88691520690918, "_step": 376, "BodyMeasures_jac eval": 4.855077743530273, "BodyMeasures_time second eval": 197.9888458251953, "BodyMeasures_kl2  eval": 0.8266612887382507, "BodyMeasures _kl eval": 1.95542311668396, "BodyMeasures _total eval": 200.77093505859375, "BodyMeasures_MSE second train": 199.35194396972656, "BodyMeasures_jac train": 0.2290634959936142, "BodyMeasures_time second train": 199.5810089111328, "BodyMeasures_kl2  train": 0.05440152436494827, "BodyMeasures _kl train": 0.17962831258773804, "BodyMeasures _total train": 199.81503295898438, "epoch_train_loss": 201.77047271728514}