{"BodyMeasures_MSE second eval": 23.647321701049805, "_timestamp": 1741011126.9060102, "_runtime": 92.27077913284302, "_step": 132, "BodyMeasures_jac eval": 0.26856011152267456, "BodyMeasures_time second eval": 23.915882110595703, "BodyMeasures_kl2  eval": 0.14803063869476318, "BodyMeasures _kl eval": 0, "BodyMeasures _total eval": 24.063913345336914, "BodyMeasures_MSE second train": 20.802200317382812, "BodyMeasures_jac train": 3.8093249797821045, "BodyMeasures_time second train": 24.61152458190918, "BodyMeasures_kl2  train": 0.15676935017108917, "BodyMeasures _kl train": 0, "BodyMeasures _total train": 24.768293380737305, "epoch_train_loss": 31.298470757224344}