{"BodyMeasures_MSE second eval": 200.49082946777344, "_timestamp": 1740933989.5721502, "_runtime": 205.01031613349915, "_step": 376, "BodyMeasures_jac eval": 0.5177849531173706, "BodyMeasures_time second eval": 201.0086212158203, "BodyMeasures_kl2  eval": 0.5553140640258789, "BodyMeasures _kl eval": 1.4639338254928589, "BodyMeasures _total eval": 203.02786254882812, "BodyMeasures_MSE second train": 198.5079345703125, "BodyMeasures_jac train": 0.2331482619047165, "BodyMeasures_time second train": 198.7410888671875, "BodyMeasures_kl2  train": 0.13467875123023987, "BodyMeasures _kl train": 0.25217121839523315, "BodyMeasures _total train": 199.1279296875, "epoch_train_loss": 202.16048126220704, "_wandb": {"runtime": 204}}