{"BodyMeasures_MSE second eval": 50.36031723022461, "_timestamp": 1741017306.668018, "_runtime": 72.038987159729, "_step": 23, "BodyMeasures_jac eval": 0.3166288137435913, "BodyMeasures_time second eval": 50.676944732666016, "BodyMeasures_kl2  eval": 0.29701679944992065, "BodyMeasures _kl eval": 0, "BodyMeasures _total eval": 50.973960876464844, "BodyMeasures_MSE second train": 32.258663177490234, "BodyMeasures_jac train": 5.201925277709961, "BodyMeasures_time second train": 37.46058654785156, "BodyMeasures_kl2  train": 5.840933322906494, "BodyMeasures _kl train": 0, "BodyMeasures _total train": 43.30152130126953}