{"BodyMeasures_MSE second eval": 201.5790252685547, "_timestamp": 1740926535.1782186, "_runtime": 106.15478348731995, "_step": 173, "BodyMeasures_jac eval": 0.29037484526634216, "BodyMeasures_time second eval": 201.86940002441406, "BodyMeasures_kl2  eval": 12.868253707885742, "BodyMeasures _kl eval": 29.774551391601562, "BodyMeasures _total eval": 244.51220703125}