{"BodyMeasures_MSE second train": 33.431724548339844, "_timestamp": 1741018473.6784236, "_runtime": 47.114922761917114, "_step": 5, "BodyMeasures_jac train": 7.328312873840332, "BodyMeasures_time second train": 40.76003646850586, "BodyMeasures_kl2  train": 24.924299240112305, "BodyMeasures _kl train": 0, "BodyMeasures _total train": 65.68433380126953}