{"BodyMeasures_MSE second eval": 13.341156005859375, "_timestamp": 1741016654.1198547, "_runtime": 261.0135586261749, "_step": 151, "BodyMeasures_jac eval": 0.3405281603336334, "BodyMeasures_time second eval": 13.681684494018555, "BodyMeasures_kl2  eval": 0.47415822744369507, "BodyMeasures _kl eval": 0, "BodyMeasures _total eval": 14.155842781066895, "BodyMeasures_MSE second train": 12.725870132446289, "BodyMeasures_jac train": 0.3095119893550873, "BodyMeasures_time second train": 13.035382270812988, "BodyMeasures_kl2  train": 0.5085817575454712, "BodyMeasures _kl train": 0, "BodyMeasures _total train": 13.543964385986328, "epoch_train_loss": 18.57434758273038}