{"BodyMeasures_MSE second eval": 46.10594940185547, "_timestamp": 1740931774.2975237, "_runtime": 84.49565362930298, "_step": 108, "BodyMeasures_jac eval": 0.4371984601020813, "BodyMeasures_time second eval": 46.543148040771484, "BodyMeasures_kl2  eval": 1.3377485275268555, "BodyMeasures _kl eval": 3.9310734272003174, "BodyMeasures _total eval": 51.81196975708008, "BodyMeasures_MSE second train": 43.993385314941406, "BodyMeasures_jac train": 4.149166107177734, "BodyMeasures_time second train": 48.14255142211914, "BodyMeasures_kl2  train": 0.7152048349380493, "BodyMeasures _kl train": 3.399139165878296, "BodyMeasures _total train": 52.25689697265625, "epoch_train_loss": 61.15577774047851}