{"BodyMeasures_MSE second eval": 37.09116744995117, "_timestamp": 1740929533.404345, "_runtime": 160.3439700603485, "_step": 179, "BodyMeasures_jac eval": 0.3180284798145294, "BodyMeasures_time second eval": 37.40919494628906, "BodyMeasures_kl2  eval": 2.7922513484954834, "BodyMeasures _kl eval": 21.410184860229492, "BodyMeasures _total eval": 61.61163330078125, "BodyMeasures_MSE second train": 15.121896743774414, "BodyMeasures_jac train": 4.4817914962768555, "BodyMeasures_time second train": 19.603687286376953, "BodyMeasures_kl2  train": 0.19174423813819885, "BodyMeasures _kl train": 1.123496413230896, "BodyMeasures _total train": 20.918928146362305}