{"BodyMeasures_MSE second eval": 199.23556518554688, "_timestamp": 1740926734.6027925, "_runtime": 63.98190450668335, "_step": 35, "BodyMeasures_jac eval": 0.28787168860435486, "BodyMeasures_time second eval": 199.5234375, "BodyMeasures_kl2  eval": 12.833659172058105, "BodyMeasures _kl eval": 32.93825912475586, "BodyMeasures _total eval": 245.2953643798828, "BodyMeasures_MSE second train": 194.24354553222656, "BodyMeasures_jac train": 1.865897536277771, "BodyMeasures_time second train": 196.10943603515625, "BodyMeasures_kl2  train": 14.099485397338867, "BodyMeasures _kl train": 17.86446762084961, "BodyMeasures _total train": 228.07339477539062}