{"BodyMeasures_MSE second eval": 53.169105529785156, "_timestamp": 1740930909.284094, "_runtime": 67.74888610839844, "_step": 71, "BodyMeasures_jac eval": 0.4197199046611786, "BodyMeasures_time second eval": 53.58882522583008, "BodyMeasures_kl2  eval": 1.7740967273712158, "BodyMeasures _kl eval": 25.67144775390625, "BodyMeasures _total eval": 81.03436279296875, "BodyMeasures_MSE second train": 25.098176956176758, "BodyMeasures_jac train": 0.27700433135032654, "BodyMeasures_time second train": 25.375181198120117, "BodyMeasures_kl2  train": 0.3028883934020996, "BodyMeasures _kl train": 0.5040678381919861, "BodyMeasures _total train": 26.182138442993164}