{"BodyMeasures_MSE second eval": 200.99005126953125, "_timestamp": 1740927837.5148604, "_runtime": 69.95902848243713, "_step": 59, "BodyMeasures_jac eval": 2.5083067417144775, "BodyMeasures_time second eval": 203.49835205078125, "BodyMeasures_kl2  eval": 2.6766161918640137, "BodyMeasures _kl eval": 13.091604232788086, "BodyMeasures _total eval": 219.26657104492188, "BodyMeasures_MSE second train": 199.45162963867188, "BodyMeasures_jac train": 4.1356587409973145, "BodyMeasures_time second train": 203.58729553222656, "BodyMeasures_kl2  train": 2.6813113689422607, "BodyMeasures _kl train": 16.82093620300293, "BodyMeasures _total train": 223.08953857421875}