{"BodyMeasures_MSE second train": 28.517881393432617, "_timestamp": 1741019499.7082088, "_runtime": 83.34623789787292, "_step": 24, "BodyMeasures_jac train": 1.7717132568359375, "BodyMeasures_time second train": 30.289594650268555, "BodyMeasures_kl2  train": 3.5289487838745117, "BodyMeasures _kl train": 0, "BodyMeasures _total train": 33.81854248046875, "epoch_train_loss": 57.758541107177734}