{"BodyMeasures_MSE second eval": 202.34735107421875, "_timestamp": 1740928255.7108028, "_runtime": 72.99336385726929, "_step": 29, "BodyMeasures_jac eval": 0.3600234091281891, "BodyMeasures_time second eval": 202.70736694335938, "BodyMeasures _kl eval": 0, "BodyMeasures _total eval": 202.70736694335938}