{"BodyMeasures_MSE second eval": 197.76083374023438, "_timestamp": 1740930639.4984577, "_runtime": 268.4689607620239, "_step": 315, "BodyMeasures_jac eval": 7.044246196746826, "BodyMeasures_time second eval": 204.80508422851562, "BodyMeasures_kl2  eval": 0.5112866759300232, "BodyMeasures _kl eval": 1.3426135778427124, "BodyMeasures _total eval": 206.65899658203125, "BodyMeasures_MSE second train": 194.29771423339844, "BodyMeasures_jac train": 3.3824355602264404, "BodyMeasures_time second train": 197.68014526367188, "BodyMeasures_kl2  train": 0.655535876750946, "BodyMeasures _kl train": 1.20846426486969, "BodyMeasures _total train": 199.5441436767578, "epoch_train_loss": 2226.574172973633}