{"BodyMeasures_MSE second eval": 198.79632568359375, "_timestamp": 1740929132.0343533, "_runtime": 218.62090229988098, "_step": 269, "BodyMeasures_jac eval": 1.2277382612228394, "BodyMeasures_time second eval": 200.02406311035156, "BodyMeasures_kl2  eval": 12.936178207397461, "BodyMeasures _kl eval": 30.351348876953125, "BodyMeasures _total eval": 243.31158447265625, "BodyMeasures_MSE second train": 196.24644470214844, "BodyMeasures_jac train": 2.2517099380493164, "BodyMeasures_time second train": 198.49815368652344, "BodyMeasures_kl2  train": 3.626244306564331, "BodyMeasures _kl train": 3.5800766944885254, "BodyMeasures _total train": 205.70448303222656}