{"BodyMeasures_MSE second eval": 64.21288299560547, "_timestamp": 1741011888.5978465, "_runtime": 55.42520356178284, "_step": 29, "BodyMeasures_jac eval": 0.27784985303878784, "BodyMeasures_time second eval": 64.49073028564453, "BodyMeasures_kl2  eval": 2.223100185394287, "BodyMeasures _kl eval": 0, "BodyMeasures _total eval": 66.71382904052734, "BodyMeasures_MSE second train": 43.930580139160156, "BodyMeasures_jac train": 1.816618800163269, "BodyMeasures_time second train": 45.74720001220703, "BodyMeasures_kl2  train": 1.9362602233886719, "BodyMeasures _kl train": 0, "BodyMeasures _total train": 47.6834602355957}