{"BodyMeasures_MSE second eval": 198.58212280273438, "_timestamp": 1740927262.489355, "_runtime": 58.012065172195435, "_step": 11, "BodyMeasures_jac eval": 0.6022514700889587, "BodyMeasures_time second eval": 199.1843719482422, "BodyMeasures_kl2  eval": 1.4303580522537231, "BodyMeasures _kl eval": 93.98579406738281, "BodyMeasures _total eval": 294.60052490234375, "_wandb": {"runtime": 75}}