{"BodyMeasures_MSE second eval": 39.93852615356445, "_timestamp": 1740929941.083162, "_runtime": 53.43028497695923, "_step": 23, "BodyMeasures_jac eval": 0.31878745555877686, "BodyMeasures_time second eval": 40.2573127746582, "BodyMeasures_kl2  eval": 2.8890328407287598, "BodyMeasures _kl eval": 21.63835906982422, "BodyMeasures _total eval": 64.78470611572266, "BodyMeasures_MSE second train": 30.457290649414062, "BodyMeasures_jac train": 5.72153902053833, "BodyMeasures_time second train": 36.178829193115234, "BodyMeasures_kl2  train": 2.8933656215667725, "BodyMeasures _kl train": 12.570003509521484, "BodyMeasures _total train": 51.64219665527344}