{"BodyMeasures_MSE second eval": 48.34135055541992, "_timestamp": 1741011243.6879547, "_runtime": 87.01567363739014, "_step": 108, "BodyMeasures_jac eval": 0.29660144448280334, "BodyMeasures_time second eval": 48.6379508972168, "BodyMeasures_kl2  eval": 0.17729203402996063, "BodyMeasures _kl eval": 0, "BodyMeasures _total eval": 48.815242767333984, "BodyMeasures_MSE second train": 38.99386978149414, "BodyMeasures_jac train": 3.631660223007202, "BodyMeasures_time second train": 42.62553024291992, "BodyMeasures_kl2  train": 0.22511222958564758, "BodyMeasures _kl train": 0, "BodyMeasures _total train": 42.850643157958984, "epoch_train_loss": 49.429865403608844}