{"BodyMeasures_MSE second eval": 32.01878356933594, "_timestamp": 1741012519.0194862, "_runtime": 111.35320019721985, "_step": 108, "BodyMeasures_jac eval": 0.3871818482875824, "BodyMeasures_time second eval": 32.40596389770508, "BodyMeasures_kl2  eval": 2144.755126953125, "BodyMeasures _kl eval": 0, "BodyMeasures _total eval": 2177.1611328125, "BodyMeasures_MSE second train": 33.93586730957031, "BodyMeasures_jac train": 0.406191349029541, "BodyMeasures_time second train": 34.34206008911133, "BodyMeasures_kl2  train": 1755.668701171875, "BodyMeasures _kl train": 0, "BodyMeasures _total train": 1790.0107421875, "epoch_train_loss": 411.237998268821, "_wandb": {"runtime": 112}}